               epoch,      train/box_loss,      train/obj_loss,      train/cls_loss,   metrics/precision,      metrics/recall,     metrics/mAP_0.5,metrics/mAP_0.5:0.95,        val/box_loss,        val/obj_loss,        val/cls_loss,               x/lr0,               x/lr1,               x/lr2
                   0,            0.060752,           0.0060474,            0.028788,           0.0021468,            0.038828,           0.0021836,          0.00050514,            0.035056,           0.0034931,            0.019188,           0.0015832,           0.0015832,            0.026846
                   1,            0.049805,           0.0066563,            0.028115,          0.00032394,             0.11279,          0.00039343,          8.2125e-05,            0.026018,           0.0032661,            0.018985,           0.0031738,           0.0031738,            0.003437
                   2,             0.04211,           0.0068156,            0.027501,          0.00045966,             0.10096,          0.00048428,          0.00012684,            0.022557,           0.0030753,            0.018778,           0.0031812,           0.0031812,           0.0031812
